{
	"credit": "Made with Blockbench",
	"textures": {
		"0": "Book_Part_!",
		"1": "Book_Part_2",
		"2": "Paper_Part_1]",
		"3": "Paper_Part_2]",
		"4": "Souls_Texture_01",
		"5": "Souls_Texture_02",
		"6": "Souls_Texture_03",
		"7": "Souls_Texture_04",
		"8": "Souls_Texture_05",
		"9": "Souls_Texture_06",
		"10": "Souls_Texture_07",
		"11": "Souls_Texture_08",
		"12": "Souls_Texture_09",
		"13": "Souls_Texture_10",
		"14": "Souls_Texture_11",
		"15": "Souls_Texture_12",
		"particle": "Book_Part_!"
	},
	"elements": [
		{
			"from": [2, 0, 3],
			"to": [8, 1, 13],
			"rotation": {"angle": -22.5, "axis": "z", "origin": [8, 0, 9]},
			"faces": {
				"north": {"uv": [0, 5.5, 3, 6], "texture": "#1"},
				"east": {"uv": [0, 5, 5, 5.5], "texture": "#1"},
				"south": {"uv": [3, 5.5, 6, 6], "texture": "#1"},
				"west": {"uv": [5, 5, 10, 5.5], "texture": "#1"},
				"up": {"uv": [3, 5, 0, 0], "texture": "#1"},
				"down": {"uv": [6, 0, 3, 5], "texture": "#1"}
			}
		},
		{
			"from": [8, 0, 3],
			"to": [14, 1, 13],
			"rotation": {"angle": 22.5, "axis": "z", "origin": [8, 0, 9]},
			"faces": {
				"north": {"uv": [0, 5.5, 3, 6], "texture": "#0"},
				"east": {"uv": [0, 5, 5, 5.5], "texture": "#0"},
				"south": {"uv": [3, 5.5, 6, 6], "texture": "#0"},
				"west": {"uv": [5, 5, 10, 5.5], "texture": "#0"},
				"up": {"uv": [3, 5, 0, 0], "texture": "#0"},
				"down": {"uv": [6, 0, 3, 5], "texture": "#0"}
			}
		},
		{
			"from": [3, 1, 4],
			"to": [8, 1, 12],
			"rotation": {"angle": -22.5, "axis": "z", "origin": [8, 0, 9]},
			"faces": {
				"north": {"uv": [0, 0, 5, 0], "texture": "#2"},
				"east": {"uv": [0, 0, 8, 0], "texture": "#2"},
				"south": {"uv": [0, 0, 5, 0], "texture": "#2"},
				"west": {"uv": [0, 0, 8, 0], "texture": "#2"},
				"up": {"uv": [5, 8, 0, 0], "texture": "#2"},
				"down": {"uv": [10, 0, 5, 8], "texture": "#2"}
			}
		},
		{
			"from": [8, 1, 4],
			"to": [13, 1, 12],
			"rotation": {"angle": 22.5, "axis": "z", "origin": [8, 0, 9]},
			"faces": {
				"north": {"uv": [0, 0, 5, 0], "texture": "#3"},
				"east": {"uv": [0, 0, 8, 0], "texture": "#3"},
				"south": {"uv": [0, 0, 5, 0], "texture": "#3"},
				"west": {"uv": [0, 0, 8, 0], "texture": "#3"},
				"up": {"uv": [5, 8, 0, 0], "texture": "#3"},
				"down": {"uv": [10, 0, 5, 8], "texture": "#3"}
			}
		},
		{
			"from": [7, 4, 7],
			"to": [9, 5, 9],
			"rotation": {"angle": 0, "axis": "y", "origin": [8, 4, 7]},
			"faces": {
				"north": {"uv": [2, 0, 4, 1], "texture": "#4"},
				"east": {"uv": [2, 1, 4, 2], "texture": "#4"},
				"south": {"uv": [2, 2, 4, 3], "texture": "#4"},
				"west": {"uv": [2, 3, 4, 4], "texture": "#4"},
				"up": {"uv": [2, 2, 0, 0], "texture": "#4"},
				"down": {"uv": [2, 2, 0, 4], "texture": "#4"}
			}
		},
		{
			"from": [9, 8, 8],
			"to": [10, 11, 9],
			"faces": {
				"north": {"uv": [0, 0, 1, 3], "texture": "#12"},
				"east": {"uv": [1, 0, 2, 3], "texture": "#12"},
				"south": {"uv": [2, 0, 3, 3], "texture": "#12"},
				"west": {"uv": [0, 3, 1, 6], "texture": "#12"},
				"up": {"uv": [4, 1, 3, 0], "texture": "#12"},
				"down": {"uv": [2, 3, 1, 4], "texture": "#12"}
			}
		},
		{
			"from": [7, 8, 8],
			"to": [8, 11, 9],
			"faces": {
				"north": {"uv": [0, 0, 1, 3], "texture": "#15"},
				"east": {"uv": [1, 0, 2, 3], "texture": "#15"},
				"south": {"uv": [2, 0, 3, 3], "texture": "#15"},
				"west": {"uv": [0, 3, 1, 6], "texture": "#15"},
				"up": {"uv": [4, 1, 3, 0], "texture": "#15"},
				"down": {"uv": [2, 3, 1, 4], "texture": "#15"}
			}
		},
		{
			"from": [9, 8, 7],
			"to": [10, 10, 8],
			"faces": {
				"north": {"uv": [0, 0, 1, 2], "texture": "#9"},
				"east": {"uv": [1, 0, 2, 2], "texture": "#9"},
				"south": {"uv": [0, 2, 1, 4], "texture": "#9"},
				"west": {"uv": [2, 0, 3, 2], "texture": "#9"},
				"up": {"uv": [2, 3, 1, 2], "texture": "#9"},
				"down": {"uv": [3, 2, 2, 3], "texture": "#9"}
			}
		},
		{
			"from": [8, 8, 8],
			"to": [9, 10, 9],
			"faces": {
				"north": {"uv": [0, 0, 1, 2], "texture": "#11"},
				"east": {"uv": [1, 0, 2, 2], "texture": "#11"},
				"south": {"uv": [0, 2, 1, 4], "texture": "#11"},
				"west": {"uv": [2, 0, 3, 2], "texture": "#11"},
				"up": {"uv": [2, 3, 1, 2], "texture": "#11"},
				"down": {"uv": [3, 2, 2, 3], "texture": "#11"}
			}
		},
		{
			"from": [6, 8, 8],
			"to": [7, 10, 9],
			"faces": {
				"north": {"uv": [0, 0, 1, 2], "texture": "#14"},
				"east": {"uv": [1, 0, 2, 2], "texture": "#14"},
				"south": {"uv": [0, 2, 1, 4], "texture": "#14"},
				"west": {"uv": [2, 0, 3, 2], "texture": "#14"},
				"up": {"uv": [2, 3, 1, 2], "texture": "#14"},
				"down": {"uv": [3, 2, 2, 3], "texture": "#14"}
			}
		},
		{
			"from": [8, 8, 7],
			"to": [9, 9, 8],
			"faces": {
				"north": {"uv": [0, 0, 1, 1], "texture": "#8"},
				"east": {"uv": [0, 1, 1, 2], "texture": "#8"},
				"south": {"uv": [1, 0, 2, 1], "texture": "#8"},
				"west": {"uv": [1, 1, 2, 2], "texture": "#8"},
				"up": {"uv": [1, 3, 0, 2], "texture": "#8"},
				"down": {"uv": [3, 0, 2, 1], "texture": "#8"}
			}
		},
		{
			"from": [7, 8, 6],
			"to": [9, 9, 7],
			"faces": {
				"north": {"uv": [0, 0, 2, 1], "texture": "#6"},
				"east": {"uv": [2, 1, 3, 2], "texture": "#6"},
				"south": {"uv": [0, 1, 2, 2], "texture": "#6"},
				"west": {"uv": [2, 2, 3, 3], "texture": "#6"},
				"up": {"uv": [2, 3, 0, 2], "texture": "#6"},
				"down": {"uv": [4, 0, 2, 1], "texture": "#6"}
			}
		},
		{
			"from": [9, 8, 9],
			"to": [10, 9, 10],
			"faces": {
				"north": {"uv": [0, 0, 1, 1], "texture": "#10"},
				"east": {"uv": [0, 1, 1, 2], "texture": "#10"},
				"south": {"uv": [1, 0, 2, 1], "texture": "#10"},
				"west": {"uv": [1, 1, 2, 2], "texture": "#10"},
				"up": {"uv": [1, 3, 0, 2], "texture": "#10"},
				"down": {"uv": [3, 0, 2, 1], "texture": "#10"}
			}
		},
		{
			"from": [6, 8, 9],
			"to": [8, 9, 10],
			"faces": {
				"north": {"uv": [0, 0, 2, 1], "texture": "#7"},
				"east": {"uv": [2, 1, 3, 2], "texture": "#7"},
				"south": {"uv": [0, 1, 2, 2], "texture": "#7"},
				"west": {"uv": [2, 2, 3, 3], "texture": "#7"},
				"up": {"uv": [2, 3, 0, 2], "texture": "#7"},
				"down": {"uv": [4, 0, 2, 1], "texture": "#7"}
			}
		},
		{
			"from": [7, 8, 7],
			"to": [8, 12, 8],
			"faces": {
				"north": {"uv": [0, 0, 1, 4], "texture": "#13"},
				"east": {"uv": [1, 0, 2, 4], "texture": "#13"},
				"south": {"uv": [2, 0, 3, 4], "texture": "#13"},
				"west": {"uv": [3, 0, 4, 4], "texture": "#13"},
				"up": {"uv": [1, 5, 0, 4], "texture": "#13"},
				"down": {"uv": [5, 0, 4, 1], "texture": "#13"}
			}
		},
		{
			"from": [6, 5, 6],
			"to": [10, 8, 10],
			"rotation": {"angle": 0, "axis": "y", "origin": [8, 7, 8]},
			"faces": {
				"north": {"uv": [4, 0, 8, 3], "texture": "#5"},
				"east": {"uv": [4, 3, 8, 6], "texture": "#5"},
				"south": {"uv": [4, 6, 8, 9], "texture": "#5"},
				"west": {"uv": [0, 8, 4, 11], "texture": "#5"},
				"up": {"uv": [4, 4, 0, 0], "texture": "#5"},
				"down": {"uv": [4, 4, 0, 8], "texture": "#5"}
			}
		}
	],
	"display": {
		"thirdperson_righthand": {
			"rotation": [84, -180, 0],
			"translation": [0, 5.25, 6.5]
		},
		"thirdperson_lefthand": {
			"rotation": [78, 0, 0],
			"translation": [0, 5.75, 6.5]
		},
		"firstperson_righthand": {
			"rotation": [-1, 172, -7],
			"translation": [7, 6.75, 2.25],
			"scale": [-0.78, 0.79, 0.51]
		},
		"firstperson_lefthand": {
			"rotation": [-1, -1, 4],
			"translation": [-0.25, 7, 0]
		},
		"ground": {
			"translation": [0, 3.5, 0]
		},
		"gui": {
			"rotation": [30, 150, 0],
			"translation": [0, 2.75, 0]
		},
		"head": {
			"translation": [0, 14.25, -0.5]
		},
		"fixed": {
			"translation": [0, 0, -4.75]
		}
	},
	"groups": [
		{
			"name": "Book Base",
			"origin": [8, 8, 8],
			"color": 0,
			"children": [0, 1]
		},
		{
			"name": "Book Paper",
			"origin": [8, 8, 8],
			"color": 0,
			"children": [2, 3]
		},
		{
			"name": "Soul Cast",
			"origin": [8, 8, 8],
			"color": 0,
			"children": [4, 5, 6, 7, 8, 9, 10, 11, 12, 13, 14, 15]
		}
	]
}