{
	"credit": "Made with Blockbench",
	"textures": {
		"0": "bone_texture",
		"1": "woodhandle_1",
		"2": "woodhandle_2",
		"3": "plate_1",
		"4": "plate_2",
		"5": "plate_3",
		"6": "plate 5",
		"7": "plate_4",
		"8": "plate_6",
		"particle": "bone_texture"
	},
	"elements": [
		{
			"from": [7, 1, 5],
			"to": [8, 2, 8],
			"color": 9,
			"faces": {
				"north": {"uv": [0, 0, 1, 1], "texture": "#missing"},
				"east": {"uv": [0, 0, 3, 1], "texture": "#missing"},
				"south": {"uv": [0, 0, 1, 1], "texture": "#missing"},
				"west": {"uv": [0, 0, 3, 1], "texture": "#missing"},
				"up": {"uv": [0, 0, 1, 3], "texture": "#missing"},
				"down": {"uv": [0, 0, 1, 3], "texture": "#missing"}
			}
		},
		{
			"from": [8, 0, 5],
			"to": [11, 2, 8],
			"color": 9,
			"faces": {
				"north": {"uv": [0, 0, 3, 2], "texture": "#missing"},
				"east": {"uv": [0, 0, 3, 2], "texture": "#missing"},
				"south": {"uv": [0, 0, 3, 2], "texture": "#missing"},
				"west": {"uv": [0, 0, 3, 2], "texture": "#missing"},
				"up": {"uv": [0, 0, 3, 3], "texture": "#missing"},
				"down": {"uv": [0, 0, 3, 3], "texture": "#missing"}
			}
		},
		{
			"from": [4, 0, 5],
			"to": [7, 2, 8],
			"color": 9,
			"faces": {
				"north": {"uv": [0, 0, 3, 2], "texture": "#missing"},
				"east": {"uv": [0, 0, 3, 2], "texture": "#missing"},
				"south": {"uv": [0, 0, 3, 2], "texture": "#missing"},
				"west": {"uv": [0, 0, 3, 2], "texture": "#missing"},
				"up": {"uv": [0, 0, 3, 3], "texture": "#missing"},
				"down": {"uv": [0, 0, 3, 3], "texture": "#missing"}
			}
		},
		{
			"from": [5, 2, 5],
			"to": [10, 3, 8],
			"color": 9,
			"faces": {
				"north": {"uv": [0, 0, 5, 1], "texture": "#missing"},
				"east": {"uv": [0, 0, 3, 1], "texture": "#missing"},
				"south": {"uv": [0, 0, 5, 1], "texture": "#missing"},
				"west": {"uv": [0, 0, 3, 1], "texture": "#missing"},
				"up": {"uv": [0, 0, 5, 3], "texture": "#missing"},
				"down": {"uv": [0, 0, 5, 3], "texture": "#missing"}
			}
		},
		{
			"from": [5, 3, 5],
			"to": [7, 4, 8],
			"color": 9,
			"faces": {
				"north": {"uv": [0, 0, 2, 1], "texture": "#missing"},
				"east": {"uv": [0, 0, 3, 1], "texture": "#missing"},
				"south": {"uv": [0, 0, 2, 1], "texture": "#missing"},
				"west": {"uv": [0, 0, 3, 1], "texture": "#missing"},
				"up": {"uv": [0, 0, 2, 3], "texture": "#missing"},
				"down": {"uv": [0, 0, 2, 3], "texture": "#missing"}
			}
		},
		{
			"from": [8, 3, 6],
			"to": [10, 4, 7],
			"color": 9,
			"faces": {
				"north": {"uv": [0, 0, 2, 1], "texture": "#missing"},
				"east": {"uv": [0, 0, 1, 1], "texture": "#missing"},
				"south": {"uv": [0, 0, 2, 1], "texture": "#missing"},
				"west": {"uv": [0, 0, 1, 1], "texture": "#missing"},
				"up": {"uv": [0, 0, 2, 1], "texture": "#missing"},
				"down": {"uv": [0, 0, 2, 1], "texture": "#missing"}
			}
		},
		{
			"from": [5, 4, 5],
			"to": [7, 5, 8],
			"color": 9,
			"faces": {
				"north": {"uv": [0, 0, 2, 1], "texture": "#missing"},
				"east": {"uv": [0, 0, 3, 1], "texture": "#missing"},
				"south": {"uv": [0, 0, 2, 1], "texture": "#missing"},
				"west": {"uv": [0, 0, 3, 1], "texture": "#missing"},
				"up": {"uv": [0, 0, 2, 3], "texture": "#missing"},
				"down": {"uv": [0, 0, 2, 3], "texture": "#missing"}
			}
		},
		{
			"from": [9, 4, 6],
			"to": [10, 6, 7],
			"color": 9,
			"faces": {
				"north": {"uv": [0, 0, 1, 2], "texture": "#missing"},
				"east": {"uv": [0, 0, 1, 2], "texture": "#missing"},
				"south": {"uv": [0, 0, 1, 2], "texture": "#missing"},
				"west": {"uv": [0, 0, 1, 2], "texture": "#missing"},
				"up": {"uv": [0, 0, 1, 1], "texture": "#missing"},
				"down": {"uv": [0, 0, 1, 1], "texture": "#missing"}
			}
		},
		{
			"from": [5, 5, 5],
			"to": [6, 10, 8],
			"color": 9,
			"faces": {
				"north": {"uv": [0, 0, 1, 5], "texture": "#missing"},
				"east": {"uv": [0, 0, 3, 5], "texture": "#missing"},
				"south": {"uv": [0, 0, 1, 5], "texture": "#missing"},
				"west": {"uv": [0, 0, 3, 5], "texture": "#missing"},
				"up": {"uv": [0, 0, 1, 3], "texture": "#missing"},
				"down": {"uv": [0, 0, 1, 3], "texture": "#missing"}
			}
		},
		{
			"from": [6, 12, 6],
			"to": [7, 16, 7],
			"rotation": {"angle": -22.5, "axis": "z", "origin": [7, 13, 7]},
			"color": 9,
			"faces": {
				"north": {"uv": [0, 0, 1, 4], "texture": "#missing"},
				"east": {"uv": [0, 0, 1, 4], "texture": "#missing"},
				"south": {"uv": [0, 0, 1, 4], "texture": "#missing"},
				"west": {"uv": [0, 0, 1, 4], "texture": "#missing"},
				"up": {"uv": [0, 0, 1, 1], "texture": "#missing"},
				"down": {"uv": [0, 0, 1, 1], "texture": "#missing"}
			}
		},
		{
			"from": [5, 10, 5],
			"to": [7, 15, 8],
			"color": 9,
			"faces": {
				"north": {"uv": [0, 0, 2, 5], "texture": "#missing"},
				"east": {"uv": [0, 0, 3, 5], "texture": "#missing"},
				"south": {"uv": [0, 0, 2, 5], "texture": "#missing"},
				"west": {"uv": [0, 0, 3, 5], "texture": "#missing"},
				"up": {"uv": [0, 0, 2, 3], "texture": "#missing"},
				"down": {"uv": [0, 0, 2, 3], "texture": "#missing"}
			}
		},
		{
			"from": [6, 5, 6],
			"to": [7, 10, 7],
			"color": 9,
			"faces": {
				"north": {"uv": [0, 0, 1, 5], "texture": "#missing"},
				"east": {"uv": [0, 0, 1, 5], "texture": "#missing"},
				"south": {"uv": [0, 0, 1, 5], "texture": "#missing"},
				"west": {"uv": [0, 0, 1, 5], "texture": "#missing"},
				"up": {"uv": [0, 0, 1, 1], "texture": "#missing"},
				"down": {"uv": [0, 0, 1, 1], "texture": "#missing"}
			}
		},
		{
			"from": [5, 15, 5],
			"to": [9, 17, 8],
			"faces": {
				"north": {"uv": [0, 6, 3, 8], "texture": "#0"},
				"east": {"uv": [0, 6, 3, 8], "texture": "#0"},
				"south": {"uv": [0, 6, 3, 8], "texture": "#0"},
				"west": {"uv": [0, 6, 3, 8], "texture": "#0"},
				"up": {"uv": [0, 6, 3, 8], "texture": "#0"},
				"down": {"uv": [0, 6, 3, 8], "texture": "#0"}
			}
		},
		{
			"from": [4, 9, 6],
			"to": [5, 16, 7],
			"color": 9,
			"faces": {
				"north": {"uv": [0, 0, 1, 7], "texture": "#missing"},
				"east": {"uv": [0, 0, 1, 7], "texture": "#missing"},
				"south": {"uv": [0, 0, 1, 7], "texture": "#missing"},
				"west": {"uv": [0, 0, 1, 7], "texture": "#missing"},
				"up": {"uv": [0, 0, 1, 1], "texture": "#missing"},
				"down": {"uv": [0, 0, 1, 1], "texture": "#missing"}
			}
		},
		{
			"from": [6, 17, 5],
			"to": [9, 18, 7],
			"color": 9,
			"faces": {
				"north": {"uv": [0, 0, 3, 1], "texture": "#missing"},
				"east": {"uv": [0, 0, 2, 1], "texture": "#missing"},
				"south": {"uv": [0, 0, 3, 1], "texture": "#missing"},
				"west": {"uv": [0, 0, 2, 1], "texture": "#missing"},
				"up": {"uv": [0, 0, 3, 2], "texture": "#missing"},
				"down": {"uv": [0, 0, 3, 2], "texture": "#missing"}
			}
		},
		{
			"from": [8, 19, 6],
			"to": [9, 20, 7],
			"color": 9,
			"faces": {
				"north": {"uv": [0, 0, 1, 1], "texture": "#missing"},
				"east": {"uv": [0, 0, 1, 1], "texture": "#missing"},
				"south": {"uv": [0, 0, 1, 1], "texture": "#missing"},
				"west": {"uv": [0, 0, 1, 1], "texture": "#missing"},
				"up": {"uv": [0, 0, 1, 1], "texture": "#missing"},
				"down": {"uv": [0, 0, 1, 1], "texture": "#missing"}
			}
		},
		{
			"from": [8, 20, 6],
			"to": [10, 21, 7],
			"color": 9,
			"faces": {
				"north": {"uv": [0, 0, 2, 1], "texture": "#missing"},
				"east": {"uv": [0, 0, 1, 1], "texture": "#missing"},
				"south": {"uv": [0, 0, 2, 1], "texture": "#missing"},
				"west": {"uv": [0, 0, 1, 1], "texture": "#missing"},
				"up": {"uv": [0, 0, 2, 1], "texture": "#missing"},
				"down": {"uv": [0, 0, 2, 1], "texture": "#missing"}
			}
		},
		{
			"from": [5, 19, 6],
			"to": [7, 22, 8],
			"color": 9,
			"faces": {
				"north": {"uv": [0, 0, 2, 3], "texture": "#missing"},
				"east": {"uv": [0, 0, 2, 3], "texture": "#missing"},
				"south": {"uv": [0, 0, 2, 3], "texture": "#missing"},
				"west": {"uv": [0, 0, 2, 3], "texture": "#missing"},
				"up": {"uv": [0, 0, 2, 2], "texture": "#missing"},
				"down": {"uv": [0, 0, 2, 2], "texture": "#missing"}
			}
		},
		{
			"from": [4, 20, 6],
			"to": [5, 22, 7],
			"color": 9,
			"faces": {
				"north": {"uv": [0, 0, 1, 2], "texture": "#missing"},
				"east": {"uv": [0, 0, 1, 2], "texture": "#missing"},
				"south": {"uv": [0, 0, 1, 2], "texture": "#missing"},
				"west": {"uv": [0, 0, 1, 2], "texture": "#missing"},
				"up": {"uv": [0, 0, 1, 1], "texture": "#missing"},
				"down": {"uv": [0, 0, 1, 1], "texture": "#missing"}
			}
		},
		{
			"from": [5, 19, 5],
			"to": [7, 21, 6],
			"color": 9,
			"faces": {
				"north": {"uv": [0, 0, 2, 2], "texture": "#missing"},
				"east": {"uv": [0, 0, 1, 2], "texture": "#missing"},
				"south": {"uv": [0, 0, 2, 2], "texture": "#missing"},
				"west": {"uv": [0, 0, 1, 2], "texture": "#missing"},
				"up": {"uv": [0, 0, 2, 1], "texture": "#missing"},
				"down": {"uv": [0, 0, 2, 1], "texture": "#missing"}
			}
		},
		{
			"from": [5, 22, 6],
			"to": [7, 23, 7],
			"color": 9,
			"faces": {
				"north": {"uv": [0, 0, 2, 1], "texture": "#missing"},
				"east": {"uv": [0, 0, 1, 1], "texture": "#missing"},
				"south": {"uv": [0, 0, 2, 1], "texture": "#missing"},
				"west": {"uv": [0, 0, 1, 1], "texture": "#missing"},
				"up": {"uv": [0, 0, 2, 1], "texture": "#missing"},
				"down": {"uv": [0, 0, 2, 1], "texture": "#missing"}
			}
		},
		{
			"from": [6, 21, 5],
			"to": [7, 22, 6],
			"color": 9,
			"faces": {
				"north": {"uv": [0, 0, 1, 1], "texture": "#missing"},
				"east": {"uv": [0, 0, 1, 1], "texture": "#missing"},
				"south": {"uv": [0, 0, 1, 1], "texture": "#missing"},
				"west": {"uv": [0, 0, 1, 1], "texture": "#missing"},
				"up": {"uv": [0, 0, 1, 1], "texture": "#missing"},
				"down": {"uv": [0, 0, 1, 1], "texture": "#missing"}
			}
		},
		{
			"from": [2.2409, 27.85195, 6],
			"to": [3.2409, 31.85195, 7],
			"rotation": {"angle": -22.5, "axis": "x", "origin": [3, 28, 6]},
			"color": 9,
			"faces": {
				"north": {"uv": [0, 0, 1, 4], "texture": "#missing"},
				"east": {"uv": [0, 0, 1, 4], "texture": "#missing"},
				"south": {"uv": [0, 0, 1, 4], "texture": "#missing"},
				"west": {"uv": [0, 0, 1, 4], "texture": "#missing"},
				"up": {"uv": [0, 0, 1, 1], "texture": "#missing"},
				"down": {"uv": [0, 0, 1, 1], "texture": "#missing"}
			}
		},
		{
			"from": [4, 24, 6],
			"to": [5, 28, 7],
			"rotation": {"angle": 22.5, "axis": "z", "origin": [6, 24, 7]},
			"color": 9,
			"faces": {
				"north": {"uv": [0, 0, 1, 4], "texture": "#missing"},
				"east": {"uv": [0, 0, 1, 4], "texture": "#missing"},
				"south": {"uv": [0, 0, 1, 4], "texture": "#missing"},
				"west": {"uv": [0, 0, 1, 4], "texture": "#missing"},
				"up": {"uv": [0, 0, 1, 1], "texture": "#missing"},
				"down": {"uv": [0, 0, 1, 1], "texture": "#missing"}
			}
		},
		{
			"from": [8, 21, 5],
			"to": [9, 22, 6],
			"color": 9,
			"faces": {
				"north": {"uv": [0, 0, 1, 1], "texture": "#missing"},
				"east": {"uv": [0, 0, 1, 1], "texture": "#missing"},
				"south": {"uv": [0, 0, 1, 1], "texture": "#missing"},
				"west": {"uv": [0, 0, 1, 1], "texture": "#missing"},
				"up": {"uv": [0, 0, 1, 1], "texture": "#missing"},
				"down": {"uv": [0, 0, 1, 1], "texture": "#missing"}
			}
		},
		{
			"from": [8, 23, 7],
			"to": [9, 26, 8],
			"rotation": {"angle": 22.5, "axis": "x", "origin": [8, 25, 7]},
			"color": 9,
			"faces": {
				"north": {"uv": [0, 0, 1, 3], "texture": "#missing"},
				"east": {"uv": [0, 0, 1, 3], "texture": "#missing"},
				"south": {"uv": [0, 0, 1, 3], "texture": "#missing"},
				"west": {"uv": [0, 0, 1, 3], "texture": "#missing"},
				"up": {"uv": [0, 0, 1, 1], "texture": "#missing"},
				"down": {"uv": [0, 0, 1, 1], "texture": "#missing"}
			}
		},
		{
			"from": [8, 27, 7],
			"to": [9, 32, 8],
			"rotation": {"angle": -22.5, "axis": "x", "origin": [8, 29, 7]},
			"color": 9,
			"faces": {
				"north": {"uv": [0, 0, 1, 5], "texture": "#missing"},
				"east": {"uv": [0, 0, 1, 5], "texture": "#missing"},
				"south": {"uv": [0, 0, 1, 5], "texture": "#missing"},
				"west": {"uv": [0, 0, 1, 5], "texture": "#missing"},
				"up": {"uv": [0, 0, 1, 1], "texture": "#missing"},
				"down": {"uv": [0, 0, 1, 1], "texture": "#missing"}
			}
		},
		{
			"from": [13, 23, 7],
			"to": [14, 27, 8],
			"rotation": {"angle": -22.5, "axis": "z", "origin": [13, 26, 7]},
			"color": 9,
			"faces": {
				"north": {"uv": [0, 0, 1, 4], "texture": "#missing"},
				"east": {"uv": [0, 0, 1, 4], "texture": "#missing"},
				"south": {"uv": [0, 0, 1, 4], "texture": "#missing"},
				"west": {"uv": [0, 0, 1, 4], "texture": "#missing"},
				"up": {"uv": [0, 0, 1, 1], "texture": "#missing"},
				"down": {"uv": [0, 0, 1, 1], "texture": "#missing"}
			}
		},
		{
			"from": [13, 28, 7],
			"to": [14, 32, 8],
			"rotation": {"angle": -22.5, "axis": "x", "origin": [13, 26, 7]},
			"color": 9,
			"faces": {
				"north": {"uv": [0, 0, 1, 4], "texture": "#missing"},
				"east": {"uv": [0, 0, 1, 4], "texture": "#missing"},
				"south": {"uv": [0, 0, 1, 4], "texture": "#missing"},
				"west": {"uv": [0, 0, 1, 4], "texture": "#missing"},
				"up": {"uv": [0, 0, 1, 1], "texture": "#missing"},
				"down": {"uv": [0, 0, 1, 1], "texture": "#missing"}
			}
		},
		{
			"from": [8, 20, 7],
			"to": [9, 22, 8],
			"color": 9,
			"faces": {
				"north": {"uv": [0, 0, 1, 2], "texture": "#missing"},
				"east": {"uv": [0, 0, 1, 2], "texture": "#missing"},
				"south": {"uv": [0, 0, 1, 2], "texture": "#missing"},
				"west": {"uv": [0, 0, 1, 2], "texture": "#missing"},
				"up": {"uv": [0, 0, 1, 1], "texture": "#missing"},
				"down": {"uv": [0, 0, 1, 1], "texture": "#missing"}
			}
		},
		{
			"from": [11, 21, 7],
			"to": [13, 23, 8],
			"rotation": {"angle": -22.5, "axis": "z", "origin": [11, 22, 7]},
			"color": 9,
			"faces": {
				"north": {"uv": [0, 0, 2, 2], "texture": "#missing"},
				"east": {"uv": [0, 0, 1, 2], "texture": "#missing"},
				"south": {"uv": [0, 0, 2, 2], "texture": "#missing"},
				"west": {"uv": [0, 0, 1, 2], "texture": "#missing"},
				"up": {"uv": [0, 0, 2, 1], "texture": "#missing"},
				"down": {"uv": [0, 0, 2, 1], "texture": "#missing"}
			}
		},
		{
			"from": [11, 20, 7],
			"to": [12, 21, 8],
			"rotation": {"angle": -22.5, "axis": "z", "origin": [11, 21, 7]},
			"color": 9,
			"faces": {
				"north": {"uv": [0, 0, 1, 1], "texture": "#missing"},
				"east": {"uv": [0, 0, 1, 1], "texture": "#missing"},
				"south": {"uv": [0, 0, 1, 1], "texture": "#missing"},
				"west": {"uv": [0, 0, 1, 1], "texture": "#missing"},
				"up": {"uv": [0, 0, 1, 1], "texture": "#missing"},
				"down": {"uv": [0, 0, 1, 1], "texture": "#missing"}
			}
		},
		{
			"from": [8, 21, 6],
			"to": [10, 22, 7],
			"color": 9,
			"faces": {
				"north": {"uv": [0, 0, 2, 1], "texture": "#missing"},
				"east": {"uv": [0, 0, 1, 1], "texture": "#missing"},
				"south": {"uv": [0, 0, 2, 1], "texture": "#missing"},
				"west": {"uv": [0, 0, 1, 1], "texture": "#missing"},
				"up": {"uv": [0, 0, 2, 1], "texture": "#missing"},
				"down": {"uv": [0, 0, 2, 1], "texture": "#missing"}
			}
		},
		{
			"from": [9, 6, 6],
			"to": [10, 13, 7],
			"color": 9,
			"faces": {
				"north": {"uv": [0, 0, 1, 7], "texture": "#missing"},
				"east": {"uv": [0, 0, 1, 7], "texture": "#missing"},
				"south": {"uv": [0, 0, 1, 7], "texture": "#missing"},
				"west": {"uv": [0, 0, 1, 7], "texture": "#missing"},
				"up": {"uv": [0, 0, 1, 1], "texture": "#missing"},
				"down": {"uv": [0, 0, 1, 1], "texture": "#missing"}
			}
		},
		{
			"from": [10, 8, 6],
			"to": [11, 13, 7],
			"rotation": {"angle": 0, "axis": "z", "origin": [10, 10, 7]},
			"color": 9,
			"faces": {
				"north": {"uv": [0, 0, 1, 5], "texture": "#missing"},
				"east": {"uv": [0, 0, 1, 5], "texture": "#missing"},
				"south": {"uv": [0, 0, 1, 5], "texture": "#missing"},
				"west": {"uv": [0, 0, 1, 5], "texture": "#missing"},
				"up": {"uv": [0, 0, 1, 1], "texture": "#missing"},
				"down": {"uv": [0, 0, 1, 1], "texture": "#missing"}
			}
		},
		{
			"from": [9, 13, 6],
			"to": [10, 16, 7],
			"rotation": {"angle": 22.5, "axis": "z", "origin": [10, 13, 7]},
			"color": 9,
			"faces": {
				"north": {"uv": [0, 0, 1, 3], "texture": "#missing"},
				"east": {"uv": [0, 0, 1, 3], "texture": "#missing"},
				"south": {"uv": [0, 0, 1, 3], "texture": "#missing"},
				"west": {"uv": [0, 0, 1, 3], "texture": "#missing"},
				"up": {"uv": [0, 0, 1, 1], "texture": "#missing"},
				"down": {"uv": [0, 0, 1, 1], "texture": "#missing"}
			}
		},
		{
			"from": [9, 8, 5],
			"to": [10, 13, 6],
			"color": 9,
			"faces": {
				"north": {"uv": [0, 0, 1, 5], "texture": "#missing"},
				"east": {"uv": [0, 0, 1, 5], "texture": "#missing"},
				"south": {"uv": [0, 0, 1, 5], "texture": "#missing"},
				"west": {"uv": [0, 0, 1, 5], "texture": "#missing"},
				"up": {"uv": [0, 0, 1, 1], "texture": "#missing"},
				"down": {"uv": [0, 0, 1, 1], "texture": "#missing"}
			}
		},
		{
			"from": [9, 9, 7],
			"to": [10, 13, 8],
			"color": 9,
			"faces": {
				"north": {"uv": [0, 0, 1, 4], "texture": "#missing"},
				"east": {"uv": [0, 0, 1, 4], "texture": "#missing"},
				"south": {"uv": [0, 0, 1, 4], "texture": "#missing"},
				"west": {"uv": [0, 0, 1, 4], "texture": "#missing"},
				"up": {"uv": [0, 0, 1, 1], "texture": "#missing"},
				"down": {"uv": [0, 0, 1, 1], "texture": "#missing"}
			}
		},
		{
			"from": [5, -1, 4],
			"to": [10, 0, 9],
			"faces": {
				"north": {"uv": [5, 0, 10, 1], "texture": "#3"},
				"east": {"uv": [5, 1, 10, 2], "texture": "#3"},
				"south": {"uv": [5, 2, 10, 3], "texture": "#3"},
				"west": {"uv": [5, 3, 10, 4], "texture": "#3"},
				"up": {"uv": [5, 5, 0, 0], "texture": "#3"},
				"down": {"uv": [5, 5, 0, 10], "texture": "#3"}
			}
		},
		{
			"from": [6, -1, 9],
			"to": [9, 0, 10],
			"faces": {
				"north": {"uv": [0, 0, 3, 1], "texture": "#5"},
				"east": {"uv": [3, 0, 4, 1], "texture": "#5"},
				"south": {"uv": [0, 1, 3, 2], "texture": "#5"},
				"west": {"uv": [3, 1, 4, 2], "texture": "#5"},
				"up": {"uv": [3, 3, 0, 2], "texture": "#5"},
				"down": {"uv": [3, 3, 0, 4], "texture": "#5"}
			}
		},
		{
			"from": [6, -2, 5],
			"to": [9, -1, 8],
			"faces": {
				"north": {"uv": [3, 0, 6, 1], "texture": "#6"},
				"east": {"uv": [3, 1, 6, 2], "texture": "#6"},
				"south": {"uv": [3, 2, 6, 3], "texture": "#6"},
				"west": {"uv": [3, 3, 6, 4], "texture": "#6"},
				"up": {"uv": [3, 3, 0, 0], "texture": "#6"},
				"down": {"uv": [3, 3, 0, 6], "texture": "#6"}
			}
		},
		{
			"from": [6, -13, 5],
			"to": [9, -12, 8],
			"faces": {
				"north": {"uv": [3, 0, 6, 1], "texture": "#7"},
				"east": {"uv": [3, 1, 6, 2], "texture": "#7"},
				"south": {"uv": [3, 2, 6, 3], "texture": "#7"},
				"west": {"uv": [3, 3, 6, 4], "texture": "#7"},
				"up": {"uv": [3, 3, 0, 0], "texture": "#7"},
				"down": {"uv": [3, 3, 0, 6], "texture": "#7"}
			}
		},
		{
			"from": [7, -16, 6],
			"to": [8, -13, 7],
			"faces": {
				"north": {"uv": [0, 0, 1, 3], "texture": "#8"},
				"east": {"uv": [1, 0, 2, 3], "texture": "#8"},
				"south": {"uv": [2, 0, 3, 3], "texture": "#8"},
				"west": {"uv": [0, 3, 1, 6], "texture": "#8"},
				"up": {"uv": [4, 1, 3, 0], "texture": "#8"},
				"down": {"uv": [2, 3, 1, 4], "texture": "#8"}
			}
		},
		{
			"from": [6, -1, 3],
			"to": [9, 0, 4],
			"faces": {
				"north": {"uv": [0, 0, 3, 1], "texture": "#4"},
				"east": {"uv": [3, 0, 4, 1], "texture": "#4"},
				"south": {"uv": [0, 1, 3, 2], "texture": "#4"},
				"west": {"uv": [3, 1, 4, 2], "texture": "#4"},
				"up": {"uv": [3, 3, 0, 2], "texture": "#4"},
				"down": {"uv": [3, 3, 0, 4], "texture": "#4"}
			}
		},
		{
			"from": [6, -12, 6],
			"to": [9, -2, 7],
			"faces": {
				"north": {"uv": [0, 0, 3, 10], "texture": "#1"},
				"east": {"uv": [6, 0, 7, 10], "texture": "#1"},
				"south": {"uv": [3, 0, 6, 10], "texture": "#1"},
				"west": {"uv": [7, 0, 8, 10], "texture": "#1"},
				"up": {"uv": [11, 1, 8, 0], "texture": "#1"},
				"down": {"uv": [11, 1, 8, 2], "texture": "#1"}
			}
		},
		{
			"from": [7, -12, 5],
			"to": [8, -2, 8],
			"faces": {
				"north": {"uv": [6, 0, 7, 10], "texture": "#2"},
				"east": {"uv": [0, 0, 3, 10], "texture": "#2"},
				"south": {"uv": [7, 0, 8, 10], "texture": "#2"},
				"west": {"uv": [3, 0, 6, 10], "texture": "#2"},
				"up": {"uv": [9, 3, 8, 0], "texture": "#2"},
				"down": {"uv": [9, 3, 8, 6], "texture": "#2"}
			}
		}
	],
	"groups": [
		{
			"name": "skeleton_base",
			"origin": [8, 8, 8],
			"color": 9,
			"children": [0, 1, 2, 3, 4, 5, 6, 7, 8, 9, 10, 11, 12, 13, 14, 15, 16, 17, 18, 19, 20, 21, 22, 23, 24, 25, 26, 27, 28, 29, 30, 31, 32, 33, 34, 35, 36, 37]
		},
		{
			"name": "Stone Handle",
			"origin": [8, 8, 8],
			"color": 0,
			"children": [38, 39, 40, 41, 42, 43, 44, 45]
		}
	]
}