{
	"credit": "Made with Blockbench",
	"texture_size": [32, 32],
	"textures": {
		"0": "Simple_Saber 2",
		"1": "Simple_Pipe_Hilt 3",
		"2": "LightSaber",
		"particle": "Simple_Saber 2"
	},
	"elements": [
		{
			"from": [6, 0, 6],
			"to": [10, 1, 10],
			"faces": {
				"north": {"uv": [4, 0, 8, 1], "texture": "#0"},
				"east": {"uv": [4, 1, 8, 2], "texture": "#0"},
				"south": {"uv": [4, 2, 8, 3], "texture": "#0"},
				"west": {"uv": [4, 3, 8, 4], "texture": "#0"},
				"up": {"uv": [4, 4, 0, 0], "texture": "#0"},
				"down": {"uv": [4, 4, 0, 8], "texture": "#0"}
			}
		},
		{
			"from": [7, -16, 7],
			"to": [9, 0, 9],
			"faces": {
				"north": {"uv": [0, 0, 2, 16], "texture": "#1"},
				"east": {"uv": [2, 0, 4, 16], "texture": "#1"},
				"south": {"uv": [4, 0, 6, 16], "texture": "#1"},
				"west": {"uv": [6, 0, 8, 16], "texture": "#1"},
				"up": {"uv": [10, 2, 8, 0], "texture": "#1"},
				"down": {"uv": [10, 2, 8, 4], "texture": "#1"}
			}
		},
		{
			"from": [7, 1, 7],
			"to": [9, 32, 9],
			"faces": {
				"north": {"uv": [0, 0, 1, 15.5], "texture": "#2"},
				"east": {"uv": [1, 0, 2, 15.5], "texture": "#2"},
				"south": {"uv": [2, 0, 3, 15.5], "texture": "#2"},
				"west": {"uv": [3, 0, 4, 15.5], "texture": "#2"},
				"up": {"uv": [5, 1, 4, 0], "texture": "#2"},
				"down": {"uv": [5, 1, 4, 2], "texture": "#2"}
			}
		}
	],
	"display": {
		"thirdperson_righthand": {
			"rotation": [0, 43, 0],
			"translation": [0, 8.5, 1.75]
		},
		"thirdperson_lefthand": {
			"rotation": [150, -50, -21],
			"translation": [2, -8.25, 3.5],
			"scale": [0.82, 0.53, 0.58]
		},
		"firstperson_righthand": {
			"rotation": [1, -62, 16],
			"translation": [3.25, 7.5, -3.75]
		},
		"firstperson_lefthand": {
			"rotation": [-35, 2, 37],
			"translation": [-1.25, 5.25, 0],
			"scale": [0.66, 0.54, 0.38]
		},
		"ground": {
			"rotation": [90, 0, 0],
			"translation": [0, -0.75, 0]
		},
		"gui": {
			"rotation": [15, -10, 40],
			"scale": [0.83, 0.38, 1.12]
		},
		"head": {
			"rotation": [0, 0, 147],
			"translation": [0, -16.5, 4.25]
		},
		"fixed": {
			"translation": [0, 0, -0.75],
			"scale": [0.66, 0.34, 0.84]
		}
	},
	"groups": [
		{
			"name": "SaberHilt",
			"origin": [8, 8, 8],
			"color": 0,
			"children": [0, 1, 2]
		}
	]
}